{
	"editor": {
		"allAngles": false,
		"entityTextureMode": false
	},
	"textureWidth": 16,
	"textureHeight": 16,
	"textureSizes": {
	},
	"textures": {
		"other": "game:block/clay/ceramic",
		"floor": "game:block/clay/ceramic-dark"
	},
	"elements": [
		{
			"name": "base",
			"from": [ 0.0, 0.0, 0.0 ], 
			"to": [ 16.0, 1.0, 16.0 ], 
			"faces": {
				"north": { "texture": "#floor", "uv": [ 0.0, 0.0, 16.0, 1.0 ] },
				"east": { "texture": "#floor", "uv": [ 0.0, 0.0, 16.0, 1.0 ] },
				"south": { "texture": "#floor", "uv": [ 0.0, 0.0, 16.0, 1.0 ] },
				"west": { "texture": "#floor", "uv": [ 0.0, 0.0, 16.0, 1.0 ] },
				"up": { "texture": "#floor", "uv": [ 0.0, 0.0, 16.0, 16.0 ] },
				"down": { "texture": "#floor", "uv": [ 0.0, 0.0, 16.0, 16.0 ] }
			}
		},
		{
			"name": "top",
			"from": [ 0.0, 1.0, 0.0 ], 
			"to": [ 16.0, 2.0, 2.0 ], 
			"rotationOrigin": [ 0.0, 1.0, 0.0 ],
			"faces": {
				"north": { "texture": "#other", "uv": [ 0.0, 0.0, 16.0, 1.0 ] },
				"east": { "texture": "#other", "uv": [ 0.0, 0.0, 2.0, 1.0 ] },
				"south": { "texture": "#other", "uv": [ 0.0, 0.0, 16.0, 1.0 ] },
				"west": { "texture": "#other", "uv": [ 0.0, 0.0, 2.0, 1.0 ] },
				"up": { "texture": "#other", "uv": [ 0.0, 0.0, 16.0, 2.0 ] },
				"down": { "texture": "#other", "uv": [ 0.0, 0.0, 16.0, 2.0 ] }
			},
			"children": [
				{
					"name": "Cube1",
					"from": [ 0.0, 0.0, 2.0 ], 
					"to": [ 2.0, 1.0, 14.0 ], 
					"rotationOrigin": [ 0.0, 0.0, 2.0 ],
					"faces": {
						"north": { "texture": "#other", "uv": [ 0.0, 0.0, 2.0, 1.0 ] },
						"east": { "texture": "#other", "uv": [ 0.0, 0.0, 12.0, 1.0 ] },
						"south": { "texture": "#other", "uv": [ 0.0, 0.0, 2.0, 1.0 ] },
						"west": { "texture": "#other", "uv": [ 0.0, 0.0, 12.0, 1.0 ] },
						"up": { "texture": "#other", "uv": [ 0.0, 0.0, 2.0, 12.0 ] },
						"down": { "texture": "#other", "uv": [ 0.0, 0.0, 2.0, 12.0 ] }
					}
				},
				{
					"name": "Cube4",
					"from": [ 14.0, 0.0, 2.0 ], 
					"to": [ 16.0, 1.0, 14.0 ], 
					"rotationOrigin": [ 14.0, 0.0, 2.0 ],
					"faces": {
						"north": { "texture": "#other", "uv": [ 0.0, 0.0, 2.0, 1.0 ] },
						"east": { "texture": "#other", "uv": [ 0.0, 0.0, 12.0, 1.0 ] },
						"south": { "texture": "#other", "uv": [ 0.0, 0.0, 2.0, 1.0 ] },
						"west": { "texture": "#other", "uv": [ 0.0, 0.0, 12.0, 1.0 ] },
						"up": { "texture": "#other", "uv": [ 0.0, 0.0, 2.0, 12.0 ] },
						"down": { "texture": "#other", "uv": [ 0.0, 0.0, 2.0, 12.0 ] }
					}
				},
				{
					"name": "Cube5",
					"from": [ 9.0, 0.0, 2.0 ], 
					"to": [ 12.0, 1.0, 14.0 ], 
					"rotationOrigin": [ 9.0, 0.0, 2.0 ],
					"faces": {
						"north": { "texture": "#other", "uv": [ 0.0, 0.0, 3.0, 1.0 ] },
						"east": { "texture": "#other", "uv": [ 0.0, 0.0, 12.0, 1.0 ] },
						"south": { "texture": "#other", "uv": [ 0.0, 0.0, 3.0, 1.0 ] },
						"west": { "texture": "#other", "uv": [ 0.0, 0.0, 12.0, 1.0 ] },
						"up": { "texture": "#other", "uv": [ 0.0, 0.0, 3.0, 12.0 ] },
						"down": { "texture": "#other", "uv": [ 0.0, 0.0, 3.0, 12.0 ] }
					}
				},
				{
					"name": "Cube6",
					"from": [ 4.0, 0.0, 2.0 ], 
					"to": [ 7.0, 1.0, 14.0 ], 
					"rotationOrigin": [ 4.0, 0.0, 2.0 ],
					"faces": {
						"north": { "texture": "#other", "uv": [ 0.0, 0.0, 3.0, 1.0 ] },
						"east": { "texture": "#other", "uv": [ 0.0, 0.0, 12.0, 1.0 ] },
						"south": { "texture": "#other", "uv": [ 0.0, 0.0, 3.0, 1.0 ] },
						"west": { "texture": "#other", "uv": [ 0.0, 0.0, 12.0, 1.0 ] },
						"up": { "texture": "#other", "uv": [ 0.0, 0.0, 3.0, 12.0 ] },
						"down": { "texture": "#other", "uv": [ 0.0, 0.0, 3.0, 12.0 ] }
					}
				},
				{
					"name": "Cube7",
					"from": [ 0.0, 0.0, 14.0 ], 
					"to": [ 16.0, 1.0, 16.0 ], 
					"rotationOrigin": [ 0.0, 0.0, 14.0 ],
					"faces": {
						"north": { "texture": "#other", "uv": [ 0.0, 0.0, 16.0, 1.0 ] },
						"east": { "texture": "#other", "uv": [ 0.0, 0.0, 2.0, 1.0 ] },
						"south": { "texture": "#other", "uv": [ 0.0, 0.0, 16.0, 1.0 ] },
						"west": { "texture": "#other", "uv": [ 0.0, 0.0, 2.0, 1.0 ] },
						"up": { "texture": "#other", "uv": [ 0.0, 0.0, 16.0, 2.0 ] },
						"down": { "texture": "#other", "uv": [ 0.0, 0.0, 16.0, 2.0 ] }
					}
				}
			]
		}
	]}