{
  "code": "plugnfeather",
  "class": "PlugFeatherBlock",
  "entityclass": "PlugFeatherBE",

  "variantgroups": [
    {
      "code": "metal",
      "states": [ "copper", "tinbronze", "bismuthbronze", "blackbronze", "iron" ]
    },
    {
      "code": "type",
      "states": [ "one", "two", "three" ]
    },
    {
      "code": "orientation",
      "states": [ "horizontal", "up", "down" ]
    },
    {
      "code": "direction",
      "states": [ "north", "south", "east", "west" ]
    }
  ],
  "attributesByType": {
    "*copper*": { "searchrange": 3 },
    "*tinbronze*": { "searchrange": 4 },
    "*bismuthbronze*": { "searchrange": 4 },
    "*blackbronze*": { "searchrange": 5 },
    "*iron*": { "searchrange": 6 }
  },
  "shapeByType": {
    "*one-down-east": {
      "base": "blocks/quarry/StoneWedgeStateTop1"
    },
    "*two-down-east": {
      "base": "blocks/quarry/StoneWedgeStateTop2"
    },
    "*three-down-east": {
      "base": "blocks/quarry/StoneWedgeStateTop3"
    },
    "*one-down-west": {
      "base": "blocks/quarry/StoneWedgeStateTop1"
    },
    "*two-down-west": {
      "base": "blocks/quarry/StoneWedgeStateTop2"
    },
    "*three-down-west": {
      "base": "blocks/quarry/StoneWedgeStateTop3"
    },

    "*one-down-north": {
      "base": "blocks/quarry/StoneWedgeStateTop1",
      "rotatey": 90
    },
    "*two-down-north": {
      "base": "blocks/quarry/StoneWedgeStateTop2",
      "rotatey": 90
    },
    "*three-down-north": {
      "base": "blocks/quarry/StoneWedgeStateTop3",
      "rotatey": 90
    },
    "*one-down-south": {
      "base": "blocks/quarry/StoneWedgeStateTop1",
      "rotatey": 90
    },
    "*two-down-south": {
      "base": "blocks/quarry/StoneWedgeStateTop2",
      "rotatey": 90
    },
    "*three-down-south": {
      "base": "blocks/quarry/StoneWedgeStateTop3",
      "rotatey": 90
    },


    "*one-up-east": {
      "base": "blocks/quarry/StoneWedgeStateTop1",
      "rotatex": 180
    },
    "*two-up-east": {
      "base": "blocks/quarry/StoneWedgeStateTop2",
      "rotatex": 180
    },
    "*three-up-east": {
      "base": "blocks/quarry/StoneWedgeStateTop3",
      "rotatex": 180
    },
    "*one-up-west": {
      "base": "blocks/quarry/StoneWedgeStateTop1",
      "rotatex": 180
    },
    "*two-up-west": {
      "base": "blocks/quarry/StoneWedgeStateTop2",
      "rotatex": 180
    },
    "*three-up-west": {
      "base": "blocks/quarry/StoneWedgeStateTop3",
      "rotatex": 180
    },

    "*one-up-north": {
      "base": "blocks/quarry/StoneWedgeStateTop1",
      "rotatex": 180,
      "rotatey": 90
    },
    "*two-up-north": {
      "base": "blocks/quarry/StoneWedgeStateTop2",
      "rotatex": 180,
      "rotatey": 90
    },
    "*three-up-north": {
      "base": "blocks/quarry/StoneWedgeStateTop3",
      "rotatex": 180,
      "rotatey": 90
    },
    "*one-up-south": {
      "base": "blocks/quarry/StoneWedgeStateTop1",
      "rotatex": 180,
      "rotatey": 90
    },
    "*two-up-south": {
      "base": "blocks/quarry/StoneWedgeStateTop2",
      "rotatex": 180,
      "rotatey": 90
    },
    "*three-up-south": {
      "base": "blocks/quarry/StoneWedgeStateTop3",
      "rotatex": 180,
      "rotatey": 90
    },


    "*one-horizontal-north": {
      "base": "blocks/quarry/StoneWedgeStateTop1",
      "rotatex": 90,
      "rotatey": 90
    },
    "*two-horizontal-north": {
      "base": "blocks/quarry/StoneWedgeStateTop2",
      "rotatex": 90,
      "rotatey": 90
    },
    "*three-horizontal-north": {
      "base": "blocks/quarry/StoneWedgeStateTop3",
      "rotatex": 90,
      "rotatey": 90
    },

    "*one-horizontal-south": {
      "base": "blocks/quarry/StoneWedgeStateTop1",
      "rotatex": -90,
      "rotatey": 90
    },
    "*two-horizontal-south": {
      "base": "blocks/quarry/StoneWedgeStateTop2",
      "rotatex": -90,
      "rotatey": 90
    },
    "*three-horizontal-south": {
      "base": "blocks/quarry/StoneWedgeStateTop3",
      "rotatex": -90,
      "rotatey": 90
    },

    "*one-horizontal-east": {
      "base": "blocks/quarry/StoneWedgeStateTop1",
      "rotatez": 90
    },
    "*two-horizontal-east": {
      "base": "blocks/quarry/StoneWedgeStateTop2",
      "rotatez": 90
    },
    "*three-horizontal-east": {
      "base": "blocks/quarry/StoneWedgeStateTop3",
      "rotatez": 90
    },

    "*one-horizontal-west": {
      "base": "blocks/quarry/StoneWedgeStateTop1",
      "rotatez": -90
    },
    "*two-horizontal-west": {
      "base": "blocks/quarry/StoneWedgeStateTop2",
      "rotatez": -90
    },
    "*three-horizontal-west": {
      "base": "blocks/quarry/StoneWedgeStateTop3",
      "rotatez": -90
    }

  },
  "textures": {
    "metal": { "base": "game:block/metal/plate/{metal}" }
  },
  "drawtype": "json",
  "facecullmode": "nevercull",
  "sidesolid": {
    "all": false
  },
  "sideopaque": {
    "all": false
  },

  "rainPermeable": true,
  "lightAbsorption": 0,

  "creativeinventory": {
    "general": [ "*-one-down-north" ]
  },

  "collisionboxByType": {
    "*-up-east": {
      "x1": 0.3,
      "y1": 0.5,
      "z1": 0,
      "x2": 0.7,
      "y2": 1,
      "z2": 1
    },
    "*-up-west": {
      "x1": 0.3,
      "y1": 0.5,
      "z1": 0,
      "x2": 0.7,
      "y2": 1,
      "z2": 1
    },
    "*-up-north": {
      "x1": 0,
      "y1": 0.5,
      "z1": 0.3,
      "x2": 1,
      "y2": 1,
      "z2": 0.7
    },
    "*-up-south": {
      "x1": 0,
      "y1": 0.5,
      "z1": 0.3,
      "x2": 1,
      "y2": 1,
      "z2": 0.7
    },

    "*-down-east": {
      "x1": 0.3,
      "y1": 0,
      "z1": 0,
      "x2": 0.7,
      "y2": 0.5,
      "z2": 1
    },
    "*-down-west": {
      "x1": 0.3,
      "y1": 0,
      "z1": 0,
      "x2": 0.7,
      "y2": 0.5,
      "z2": 1
    },
    "*-down-north": {
      "x1": 0,
      "y1": 0,
      "z1": 0.3,
      "x2": 1,
      "y2": 0.5,
      "z2": 0.7
    },
    "*-down-south": {
      "x1": 0,
      "y1": 0,
      "z1": 0.3,
      "x2": 1,
      "y2": 0.5,
      "z2": 0.7
    },

    "*-horizontal-east": {
      "x1": 0.5,
      "y1": 0.3,
      "z1": 0,
      "x2": 1,
      "y2": 0.7,
      "z2": 1
    },
    "*-horizontal-west": {
      "x1": 0,
      "y1": 0.3,
      "z1": 0,
      "x2": 0.5,
      "y2": 0.7,
      "z2": 1
    },
    "*-horizontal-north": {
      "x1": 0,
      "y1": 0.3,
      "z1": 0,
      "x2": 1,
      "y2": 0.7,
      "z2": 0.5
    },
    "*-horizontal-south": {
      "x1": 0,
      "y1": 0.3,
      "z1": 0.5,
      "x2": 1,
      "y2": 0.7,
      "z2": 1
    }
  },
  "selectionboxByType": {
    "*-up-east": {
      "x1": 0.3,
      "y1": 0.5,
      "z1": 0,
      "x2": 0.7,
      "y2": 1,
      "z2": 1
    },
    "*-up-west": {
      "x1": 0.3,
      "y1": 0.5,
      "z1": 0,
      "x2": 0.7,
      "y2": 1,
      "z2": 1
    },
    "*-up-north": {
      "x1": 0,
      "y1": 0.5,
      "z1": 0.3,
      "x2": 1,
      "y2": 1,
      "z2": 0.7
    },
    "*-up-south": {
      "x1": 0,
      "y1": 0.5,
      "z1": 0.3,
      "x2": 1,
      "y2": 1,
      "z2": 0.7
    },

    "*-down-east": {
      "x1": 0.3,
      "y1": 0,
      "z1": 0,
      "x2": 0.7,
      "y2": 0.5,
      "z2": 1
    },
    "*-down-west": {
      "x1": 0.3,
      "y1": 0,
      "z1": 0,
      "x2": 0.7,
      "y2": 0.5,
      "z2": 1
    },
    "*-down-north": {
      "x1": 0,
      "y1": 0,
      "z1": 0.3,
      "x2": 1,
      "y2": 0.5,
      "z2": 0.7
    },
    "*-down-south": {
      "x1": 0,
      "y1": 0,
      "z1": 0.3,
      "x2": 1,
      "y2": 0.5,
      "z2": 0.7
    },

    "*-horizontal-east": {
      "x1": 0.5,
      "y1": 0.3,
      "z1": 0,
      "x2": 1,
      "y2": 0.7,
      "z2": 1
    },
    "*-horizontal-west": {
      "x1": 0,
      "y1": 0.3,
      "z1": 0,
      "x2": 0.5,
      "y2": 0.7,
      "z2": 1
    },
    "*-horizontal-north": {
      "x1": 0,
      "y1": 0.3,
      "z1": 0,
      "x2": 1,
      "y2": 0.7,
      "z2": 0.5
    },
    "*-horizontal-south": {
      "x1": 0,
      "y1": 0.3,
      "z1": 0.5,
      "x2": 1,
      "y2": 0.7,
      "z2": 1
    }
  },

  "drops": [
    {
      "type": "block",
      "code": "plugnfeather-{metal}-one-down-north",
      "quantity": {
        "avg": 1,
        "var": 0
      }
    }
  ]

}
