{
  "code": "toolmold",
  "classByType": {
    "toolmold-raw-*": "Block",
    "toolmold-burned-*": "BlockToolMold"
  },
  "behaviorsByType": {
    "*-raw-*": [
      { "name": "UnstableFalling" },
      { "name": "RightClickPickup" }
    ],
    "*": [ { "name": "UnstableFalling" } ]
  },
  "variantgroups": [
    {
      "code": "materialtype",
      "states": [ "raw", "burned" ]
    },
    {
      "code": "tooltype",
      "states": [ "plugnfeather" ]
    }
  ],
  "attributesByType": {
    "toolmold-burned-plugnfeather": {
      "requiredUnits": 100,
      "fillHeight": 1,
      "moldrackable": true,
      "onmoldrackTransform": { "rotation": { "z": 90 } },
      "drop": {
        "type": "Block",
        "code": "plugnfeather-{metal}-one-down-north"
      }
    }
  },
  "entityClassByType": {
    "toolmold-burned-*": "ToolMold"
  },
  "combustiblePropsByType": {
    "toolmold-raw-*": {
      "meltingPoint": 650,
      "meltingDuration": 45,
      "smeltedRatio": 1,
      "smeltingType": "bake",
      "smeltedStack": {
        "type": "block",
        "code": "toolmold-burned-{tooltype}"
      },
      "requiresContainer": false
    }
  },
  "blockmaterial": "Ceramic",
  "creativeinventory": {
    "general": [ "*" ],
    "construction": [ "*" ]
  },
  "replaceable": 700,
  "resistance": 1.5,
  "maxStackSize": 8,
  "lightAbsorption": 0,
  "texturesByType": {
    "toolmold-raw-*": { "all": { "base": "game:block/clay/blueclay" } },
    "toolmold-burned-*": {
      "floor": { "base": "game:block/clay/ceramic-dark" },
      "other": { "base": "game:block/clay/ceramic" }
    }
  },
  "shape": {
    "base": "blocks/molds/{tooltype}",
    "rotateY": 90
  },
  "sounds": {
    "walk": "walk/stone"
  },
  "collisionboxByType": {
    "*-anvil": {
      "x1": 0.0625,
      "y1": 0,
      "z1": 0.0625,
      "x2": 0.9375,
      "y2": 0.6875,
      "z2": 0.9375
    },
    "*": {
      "x1": 0,
      "y1": 0,
      "z1": 0,
      "x2": 1,
      "y2": 0.1875,
      "z2": 1
    }
  },
  "selectionboxByType": {
    "*-anvil": {
      "x1": 0,
      "y1": 0,
      "z1": 0,
      "x2": 1,
      "y2": 0.6875,
      "z2": 1
    },
    "*": {
      "x1": 0,
      "y1": 0,
      "z1": 0,
      "x2": 1,
      "y2": 0.1875,
      "z2": 1
    }
  },
  "sideopaque": {
    "all": false
  },
  "sidesolid": {
    "all": false
  },
  "guiTransformByType": {
    "*-anvil": {
      "translation": {
        "x": 0,
        "y": 3,
        "z": 0
      },
      "origin": {
        "x": 0.5,
        "y": 0.3,
        "z": 0.5
      },
      "scale": 1.33
    },
    "*-helvehammer": {
      "origin": {
        "x": 0.5,
        "y": 0.18,
        "z": 0.5
      },
      "scale": 1.8
    },
    "*": {
      "translation": {
        "x": 0,
        "y": 3,
        "z": 0
      },
      "origin": {
        "x": 0.5,
        "y": 0.0625,
        "z": 0.5
      },
      "scale": 1.33
    }
  },
  "groundTransform": {
    "translation": {
      "x": 0,
      "y": 0,
      "z": 0
    },
    "rotation": {
      "x": 0,
      "y": -45,
      "z": 0
    },
    "origin": {
      "x": 0.5,
      "y": 0,
      "z": 0.5
    },
    "scale": 2.2
  }
}