{
	"editor": {
		"allAngles": false,
		"entityTextureMode": false
	},
	"textureWidth": 16,
	"textureHeight": 16,
	"textureSizes": {
	},
	"textures": {
		"metal": "game:block/metal/plate/copper",
		"wood": "game:block/wood/debarked/aged"
	},
	"elements": [
		{
			"name": "Nexus",
			"from": [ 0.0, 0.0, 0.0 ], 
			"to": [ 0.0, 0.0, 0.0 ], 
			"rotationOrigin": [ 0.0, 0.0, 0.0 ],
			"faces": {
				"north": {
					"texture": "#metal",
					"uv": [ 0.0, 0.0, 0.5, 0.5 ]
				},
				"east": {
					"texture": "#metal",
					"uv": [ 0.0, 0.0, 0.5, 0.5 ]
				},
				"south": {
					"texture": "#metal",
					"uv": [ 0.0, 0.0, 0.5, 0.5 ]
				},
				"west": {
					"texture": "#metal",
					"uv": [ 0.0, 0.0, 0.5, 0.5 ]
				},
				"up": {
					"texture": "#metal",
					"uv": [ 0.0, 0.0, 0.5, 0.5 ]
				},
				"down": {
					"texture": "#metal",
					"uv": [ 0.0, 0.0, 0.5, 0.5 ]
				}
			},
			"children": [
				{
					"name": "Edge",
					"from": [ -5.0, -0.2, -1.9 ], 
					"to": [ -4.0, 0.2, 1.9 ], 
					"rotationOrigin": [ -5.0, -0.2, -1.9 ],
					"faces": {
						"north": { "texture": "#metal", "uv": [ 0.0, 0.0, 12.0, 5.5 ], "autoUv": false },
						"east": { "texture": "#metal", "uv": [ 0.0, 0.0, 14.0, 8.0 ], "autoUv": false },
						"south": { "texture": "#metal", "uv": [ 0.0, 0.0, 10.5, 7.5 ], "autoUv": false },
						"west": { "texture": "#metal", "uv": [ 0.0, 0.0, 15.0, 9.0 ], "autoUv": false },
						"up": { "texture": "#metal", "uv": [ 0.0, 0.0, 16.5, 13.5 ], "autoUv": false },
						"down": { "texture": "#metal", "uv": [ 0.0, 0.0, 14.5, 11.5 ], "autoUv": false }
					},
					"children": [
						{
							"name": "Cube1",
							"from": [ 0.5, 0.0, 0.4 ], 
							"to": [ 1.3, 0.4, 3.4 ], 
							"rotationOrigin": [ 0.5, 0.0, 0.4 ],
							"rotationZ": 22.5,
							"faces": {
								"north": { "texture": "#metal", "uv": [ 0.0, 0.0, 12.0, 8.0 ], "autoUv": false },
								"east": { "texture": "#metal", "uv": [ 0.0, 0.0, 14.0, 8.5 ], "autoUv": false },
								"south": { "texture": "#metal", "uv": [ 0.0, 0.0, 11.0, 8.5 ], "autoUv": false },
								"west": { "texture": "#metal", "uv": [ 0.0, 0.0, 16.0, 11.0 ], "autoUv": false },
								"up": { "texture": "#metal", "uv": [ 0.0, 0.0, 11.5, 10.5 ], "autoUv": false },
								"down": { "texture": "#metal", "uv": [ 0.0, 0.0, 12.5, 10.0 ], "autoUv": false }
							}
						},
						{
							"name": "Cube4",
							"from": [ 0.5, 0.0, 0.4 ], 
							"to": [ 1.3, 0.3, 3.4 ], 
							"rotationOrigin": [ 0.5, 0.6, 0.4 ],
							"rotationZ": -22.5,
							"faces": {
								"north": { "texture": "#metal", "uv": [ 0.0, 0.0, 11.5, 9.5 ], "autoUv": false },
								"east": { "texture": "#metal", "uv": [ 0.0, 0.0, 13.0, 10.5 ], "autoUv": false },
								"south": { "texture": "#metal", "uv": [ 0.0, 0.0, 10.5, 10.5 ], "autoUv": false },
								"west": { "texture": "#metal", "uv": [ 0.0, 0.0, 13.0, 12.5 ], "autoUv": false },
								"up": { "texture": "#metal", "uv": [ 0.0, 0.0, 11.5, 9.5 ], "autoUv": false },
								"down": { "texture": "#metal", "uv": [ 0.0, 0.0, 13.0, 10.5 ], "autoUv": false }
							}
						}
					]
				},
				{
					"name": "Handle",
					"from": [ -3.0, -0.5, -1.0 ], 
					"to": [ 4.0, 0.5, 1.0 ], 
					"rotationOrigin": [ -3.0, -0.5, -1.0 ],
					"faces": {
						"north": { "texture": "#wood", "uv": [ 0.0, 0.0, 15.0, 8.0 ], "autoUv": false },
						"east": { "texture": "#wood", "uv": [ 0.0, 0.0, 13.0, 7.5 ], "autoUv": false },
						"south": { "texture": "#wood", "uv": [ 0.0, 0.0, 15.0, 5.0 ], "autoUv": false },
						"west": { "texture": "#wood", "uv": [ 0.0, 0.0, 14.0, 7.5 ], "autoUv": false },
						"up": { "texture": "#wood", "uv": [ 0.0, 0.0, 16.0, 10.0 ], "autoUv": false },
						"down": { "texture": "#wood", "uv": [ 0.0, 0.0, 13.5, 8.5 ], "autoUv": false }
					}
				},
				{
					"name": "Attatchement",
					"from": [ -4.0, -0.5, -2.0 ], 
					"to": [ -3.0, 0.5, 2.0 ], 
					"rotationOrigin": [ -4.0, -0.5, -2.0 ],
					"faces": {
						"north": { "texture": "#metal", "uv": [ 0.0, 0.0, 11.0, 9.5 ], "autoUv": false },
						"east": { "texture": "#metal", "uv": [ 0.0, 0.0, 13.0, 8.5 ], "autoUv": false },
						"south": { "texture": "#metal", "uv": [ 0.0, 0.0, 9.5, 10.0 ], "autoUv": false },
						"west": { "texture": "#metal", "uv": [ 0.0, 0.0, 12.0, 8.5 ], "autoUv": false },
						"up": { "texture": "#metal", "uv": [ 0.0, 0.0, 11.5, 13.0 ], "autoUv": false },
						"down": { "texture": "#metal", "uv": [ 0.0, 0.0, 11.0, 9.5 ], "autoUv": false }
					},
					"children": [
						{
							"name": "Cube5",
							"from": [ 1.0, 0.1, 0.0 ], 
							"to": [ 3.0, 0.9, 1.0 ], 
							"rotationOrigin": [ 1.0, 0.1, 0.0 ],
							"rotationY": -45.0,
							"faces": {
								"north": { "texture": "#metal", "uv": [ 0.0, 0.0, 9.0, 11.5 ], "autoUv": false },
								"east": { "texture": "#metal", "uv": [ 0.0, 0.0, 7.0, 9.0 ], "autoUv": false },
								"south": { "texture": "#metal", "uv": [ 0.0, 0.0, 11.5, 11.0 ], "autoUv": false },
								"west": { "texture": "#metal", "uv": [ 0.0, 0.0, 9.5, 8.0 ], "autoUv": false },
								"up": { "texture": "#metal", "uv": [ 0.0, 0.0, 13.0, 13.5 ], "autoUv": false },
								"down": { "texture": "#metal", "uv": [ 0.0, 0.0, 8.5, 8.5 ], "autoUv": false }
							}
						},
						{
							"name": "Cube6",
							"from": [ 1.0, 0.1, 3.0 ], 
							"to": [ 3.0, 0.9, 4.0 ], 
							"rotationOrigin": [ 1.0, 0.1, 4.0 ],
							"rotationY": 45.0,
							"faces": {
								"north": { "texture": "#metal", "uv": [ 0.0, 0.0, 15.5, 12.5 ], "autoUv": false },
								"east": { "texture": "#metal", "uv": [ 0.0, 0.0, 10.0, 8.5 ], "autoUv": false },
								"south": { "texture": "#metal", "uv": [ 0.0, 0.0, 12.0, 12.5 ], "autoUv": false },
								"west": { "texture": "#metal", "uv": [ 0.0, 0.0, 12.0, 12.0 ], "autoUv": false },
								"up": { "texture": "#metal", "uv": [ 0.0, 0.0, 11.0, 12.0 ], "autoUv": false },
								"down": { "texture": "#metal", "uv": [ 0.0, 0.0, 11.5, 9.0 ], "autoUv": false }
							}
						}
					]
				}
			]
		}
	]}