{
	"editor": {
		"allAngles": false,
		"entityTextureMode": false
	},
	"textureWidth": 16,
	"textureHeight": 16,
	"textureSizes": {
	},
	"textures": {
		"metal": "game:block/metal/plate/copper",
		"wood": "game:block/wood/debarked/aged"
	},
	"elements": [
		{
			"name": "Nexus",
			"from": [ 0.0, 0.0, 0.0 ], 
			"to": [ 0.0, 0.0, 0.0 ], 
			"faces": {
				"north": { "texture": "#metal", "uv": [ 0.0, 0.0, 0.5, 0.5 ] },
				"east": {
					"texture": "#metal",
					"uv": [ 0.0, 0.0, 0.5, 0.5 ]
				},
				"south": {
					"texture": "#metal",
					"uv": [ 0.0, 0.0, 0.5, 0.5 ]
				},
				"west": {
					"texture": "#metal",
					"uv": [ 0.0, 0.0, 0.5, 0.5 ]
				},
				"up": {
					"texture": "#metal",
					"uv": [ 0.0, 0.0, 0.5, 0.5 ]
				},
				"down": {
					"texture": "#metal",
					"uv": [ 0.0, 0.0, 0.5, 0.5 ]
				}
			},
			"children": [
				{
					"name": "Edge",
					"from": [ -4.7, -0.1, -1.6 ], 
					"to": [ -3.7, 0.1, 1.4 ], 
					"rotationOrigin": [ -4.7, -0.1, -1.6 ],
					"faces": {
						"north": { "texture": "#metal", "uv": [ 0.0, 0.0, 12.0, 4.5 ], "autoUv": false },
						"east": { "texture": "#metal", "uv": [ 0.0, 0.0, 12.5, 10.0 ], "autoUv": false },
						"south": { "texture": "#metal", "uv": [ 0.0, 0.0, 12.0, 11.5 ], "autoUv": false },
						"west": { "texture": "#metal", "uv": [ 0.0, 0.0, 12.0, 9.0 ], "autoUv": false },
						"up": { "texture": "#metal", "uv": [ 0.0, 0.0, 10.5, 12.0 ], "autoUv": false },
						"down": { "texture": "#metal", "uv": [ 0.0, 0.0, 9.0, 10.5 ], "autoUv": false }
					},
					"children": [
						{
							"name": "Cube2",
							"from": [ 0.2, 0.0, -0.1 ], 
							"to": [ 4.2, 0.2, 3.1 ], 
							"rotationOrigin": [ 0.2, 0.0, -0.1 ],
							"rotationZ": -22.5,
							"faces": {
								"north": { "texture": "#metal", "uv": [ 0.0, 0.0, 13.0, 8.5 ], "autoUv": false },
								"east": { "texture": "#metal", "uv": [ 0.0, 0.0, 10.5, 11.5 ], "autoUv": false },
								"south": { "texture": "#metal", "uv": [ 0.0, 0.0, 15.5, 10.0 ], "autoUv": false },
								"west": { "texture": "#metal", "uv": [ 0.0, 0.0, 11.5, 12.5 ], "autoUv": false },
								"up": { "texture": "#metal", "uv": [ 0.0, 0.0, 12.0, 9.5 ], "autoUv": false },
								"down": { "texture": "#metal", "uv": [ 0.0, 0.0, 13.0, 11.5 ], "autoUv": false }
							}
						},
						{
							"name": "Cube3",
							"from": [ 0.2, 0.0, -0.1 ], 
							"to": [ 4.2, 0.2, 3.1 ], 
							"rotationOrigin": [ 0.2, 0.0, -0.1 ],
							"rotationZ": 22.5,
							"faces": {
								"north": { "texture": "#metal", "uv": [ 0.0, 0.0, 13.5, 12.5 ], "autoUv": false },
								"east": { "texture": "#metal", "uv": [ 0.0, 0.0, 11.0, 11.5 ], "autoUv": false },
								"south": { "texture": "#metal", "uv": [ 0.0, 0.0, 12.0, 10.5 ], "autoUv": false },
								"west": { "texture": "#metal", "uv": [ 0.0, 0.0, 10.5, 11.0 ], "autoUv": false },
								"up": { "texture": "#metal", "uv": [ 0.0, 0.0, 15.0, 12.5 ], "autoUv": false },
								"down": { "texture": "#metal", "uv": [ 0.0, 0.0, 13.0, 10.0 ], "autoUv": false }
							}
						}
					]
				},
				{
					"name": "Handle",
					"from": [ -3.5, -0.5, -1.6 ], 
					"to": [ -0.5, 0.5, 1.3 ], 
					"rotationOrigin": [ -3.5, -0.5, -1.6 ],
					"faces": {
						"north": { "texture": "#wood", "uv": [ 0.0, 0.0, 13.5, 7.5 ], "autoUv": false },
						"east": { "texture": "#wood", "uv": [ 0.0, 0.0, 11.5, 7.5 ], "autoUv": false },
						"south": { "texture": "#wood", "uv": [ 0.0, 0.0, 10.5, 7.0 ], "autoUv": false },
						"west": { "texture": "#wood", "uv": [ 0.0, 0.0, 12.5, 8.0 ], "autoUv": false },
						"up": { "texture": "#wood", "uv": [ 0.0, 0.0, 16.0, 13.0 ], "autoUv": false },
						"down": { "texture": "#wood", "uv": [ 0.0, 0.0, 15.5, 11.5 ], "autoUv": false }
					},
					"children": [
						{
							"name": "Cube1",
							"from": [ 2.2, -0.9, 0.1 ], 
							"to": [ 2.9, 1.9, 2.8 ], 
							"rotationOrigin": [ 2.2, -0.9, 0.1 ],
							"faces": {
								"north": { "texture": "#wood", "uv": [ 0.0, 0.0, 10.0, 6.0 ], "autoUv": false },
								"east": { "texture": "#wood", "uv": [ 0.0, 0.0, 16.0, 8.5 ], "autoUv": false },
								"south": { "texture": "#wood", "uv": [ 0.0, 0.0, 12.5, 6.5 ], "autoUv": false },
								"west": { "texture": "#wood", "uv": [ 0.0, 0.0, 15.0, 13.5 ], "autoUv": false },
								"up": { "texture": "#wood", "uv": [ 0.0, 0.0, 6.5, 3.0 ], "autoUv": false },
								"down": { "texture": "#wood", "uv": [ 0.0, 0.0, 9.0, 6.0 ], "autoUv": false }
							}
						},
						{
							"name": "Cube6",
							"from": [ 2.0, 0.0, 0.5 ], 
							"to": [ 8.0, 1.0, 2.5 ], 
							"rotationOrigin": [ 2.0, 0.0, 0.5 ],
							"faces": {
								"north": { "texture": "#wood", "uv": [ 0.0, 0.0, 16.0, 5.5 ], "autoUv": false },
								"east": { "texture": "#wood", "uv": [ 0.0, 0.0, 13.0, 3.5 ], "autoUv": false },
								"south": { "texture": "#wood", "uv": [ 0.0, 0.0, 16.5, 6.5 ], "autoUv": false },
								"west": { "texture": "#wood", "uv": [ 0.0, 0.0, 13.5, 4.0 ], "autoUv": false },
								"up": { "texture": "#wood", "uv": [ 0.0, 0.0, 16.0, 6.5 ], "autoUv": false },
								"down": { "texture": "#wood", "uv": [ 0.0, 0.0, 15.0, 5.5 ], "autoUv": false }
							},
							"children": [
								{
									"name": "Cube7",
									"from": [ 0.5, 1.2, 0.1 ], 
									"to": [ 3.5, 2.0, 1.9 ], 
									"rotationOrigin": [ 0.5, 1.2, 0.1 ],
									"rotationZ": -22.5,
									"faces": {
										"north": { "texture": "#wood", "uv": [ 0.0, 0.0, 12.0, 9.0 ], "autoUv": false },
										"east": { "texture": "#wood", "uv": [ 0.0, 0.0, 10.5, 9.0 ], "autoUv": false },
										"south": { "texture": "#wood", "uv": [ 0.0, 0.0, 11.5, 11.0 ], "autoUv": false },
										"west": { "texture": "#wood", "uv": [ 0.0, 0.0, 13.5, 11.0 ], "autoUv": false },
										"up": { "texture": "#wood", "uv": [ 0.0, 0.0, 15.5, 5.5 ], "autoUv": false },
										"down": { "texture": "#wood", "uv": [ 0.0, 0.0, 15.0, 6.0 ], "autoUv": false }
									}
								},
								{
									"name": "Cube8",
									"from": [ 0.5, -1.0, 0.1 ], 
									"to": [ 3.5, -0.2, 1.9 ], 
									"rotationOrigin": [ 0.5, -1.0, 0.1 ],
									"rotationZ": 22.5,
									"faces": {
										"north": { "texture": "#wood", "uv": [ 0.0, 0.0, 11.0, 4.5 ], "autoUv": false },
										"east": { "texture": "#wood", "uv": [ 0.0, 0.0, 12.5, 7.0 ], "autoUv": false },
										"south": { "texture": "#wood", "uv": [ 0.0, 0.0, 12.5, 6.5 ], "autoUv": false },
										"west": { "texture": "#wood", "uv": [ 0.0, 0.0, 11.0, 10.0 ], "autoUv": false },
										"up": { "texture": "#wood", "uv": [ 0.0, 0.0, 13.0, 5.0 ], "autoUv": false },
										"down": { "texture": "#wood", "uv": [ 0.0, 0.0, 14.5, 8.5 ], "autoUv": false }
									}
								}
							]
						}
					]
				}
			]
		}
	]}