{
	"editor": {
		"allAngles": false,
		"entityTextureMode": false
	},
	"textureWidth": 16,
	"textureHeight": 16,
	"textureSizes": {
	},
	"textures": {
		"metal": "game:block/metal/plate/gold"
	},
	"elements": [
		{
			"name": "Head",
			"from": [ 6.0, -1.0, 5.5 ], 
			"to": [ 9.0, 2.5, 10.0 ], 
			"rotationOrigin": [ 6.0, -1.0, 5.5 ],
			"faces": {
				"north": { "texture": "#metal", "uv": [ 0.0, 0.0, 13.5, 9.5 ], "autoUv": false },
				"east": { "texture": "#metal", "uv": [ 0.0, 0.0, 15.5, 11.0 ], "autoUv": false },
				"south": { "texture": "#metal", "uv": [ 0.0, 0.0, 12.5, 12.0 ], "autoUv": false },
				"west": { "texture": "#metal", "uv": [ 0.0, 0.0, 14.0, 15.5 ], "autoUv": false },
				"up": { "texture": "#metal", "uv": [ 0.0, 0.0, 14.0, 14.0 ], "autoUv": false },
				"down": { "texture": "#metal", "uv": [ 0.0, 0.0, 14.5, 14.5 ], "autoUv": false }
			},
			"children": [
				{
					"name": "Cube18",
					"from": [ 0.0, 0.0, -1.0 ], 
					"to": [ 1.0, 1.0, 0.0 ], 
					"rotationOrigin": [ 0.0, 0.0, -1.0 ],
					"faces": {
						"north": { "texture": "#metal", "uv": [ 0.0, 0.0, 7.0, 6.5 ], "autoUv": false },
						"east": { "texture": "#metal", "uv": [ 0.0, 0.0, 6.0, 6.5 ], "autoUv": false },
						"south": { "texture": "#metal", "uv": [ 0.0, 0.0, 6.5, 6.0 ], "autoUv": false },
						"west": { "texture": "#metal", "uv": [ 0.0, 0.0, 8.0, 6.5 ], "autoUv": false },
						"up": { "texture": "#metal", "uv": [ 0.0, 0.0, 1.0, 1.0 ], "autoUv": false },
						"down": { "texture": "#metal", "uv": [ 0.0, 0.0, 7.5, 7.5 ], "autoUv": false }
					}
				},
				{
					"name": "Cube19",
					"from": [ 0.0, 2.5, -1.0 ], 
					"to": [ 1.0, 3.5, 0.0 ], 
					"rotationOrigin": [ 0.0, 2.5, -1.0 ],
					"faces": {
						"north": { "texture": "#metal", "uv": [ 0.0, 0.0, 1.0, 1.0 ] },
						"east": { "texture": "#metal", "uv": [ 0.0, 0.0, 1.0, 1.0 ] },
						"south": { "texture": "#metal", "uv": [ 0.0, 0.0, 1.0, 1.0 ] },
						"west": { "texture": "#metal", "uv": [ 0.0, 0.0, 1.0, 1.0 ] },
						"up": { "texture": "#metal", "uv": [ 0.0, 0.0, 1.0, 1.0 ] },
						"down": { "texture": "#metal", "uv": [ 0.0, 0.0, 1.0, 1.0 ] }
					}
				},
				{
					"name": "Cube20",
					"from": [ 2.0, 2.5, -1.0 ], 
					"to": [ 3.0, 3.5, 0.0 ], 
					"rotationOrigin": [ 2.0, 2.5, -1.0 ],
					"faces": {
						"north": { "texture": "#metal", "uv": [ 0.0, 0.0, 1.0, 1.0 ] },
						"east": { "texture": "#metal", "uv": [ 0.0, 0.0, 1.0, 1.0 ] },
						"south": { "texture": "#metal", "uv": [ 0.0, 0.0, 1.0, 1.0 ] },
						"west": { "texture": "#metal", "uv": [ 0.0, 0.0, 1.0, 1.0 ] },
						"up": { "texture": "#metal", "uv": [ 0.0, 0.0, 1.0, 1.0 ] },
						"down": { "texture": "#metal", "uv": [ 0.0, 0.0, 1.0, 1.0 ] }
					}
				},
				{
					"name": "Cube21",
					"from": [ 2.0, 0.0, -1.0 ], 
					"to": [ 3.0, 1.0, 0.0 ], 
					"rotationOrigin": [ 2.0, 0.0, -1.0 ],
					"faces": {
						"north": { "texture": "#metal", "uv": [ 0.0, 0.0, 1.0, 1.0 ] },
						"east": { "texture": "#metal", "uv": [ 0.0, 0.0, 1.0, 1.0 ] },
						"south": { "texture": "#metal", "uv": [ 0.0, 0.0, 1.0, 1.0 ] },
						"west": { "texture": "#metal", "uv": [ 0.0, 0.0, 1.0, 1.0 ] },
						"up": { "texture": "#metal", "uv": [ 0.0, 0.0, 1.0, 1.0 ] },
						"down": { "texture": "#metal", "uv": [ 0.0, 0.0, 1.0, 1.0 ] }
					}
				},
				{
					"name": "Pick",
					"from": [ 0.4, 0.4, 4.5 ], 
					"to": [ 2.6, 3.1, 6.0 ], 
					"rotationOrigin": [ 0.4, 0.4, 4.5 ],
					"faces": {
						"north": { "texture": "#metal", "uv": [ 0.0, 0.0, 12.0, 6.5 ], "autoUv": false },
						"east": { "texture": "#metal", "uv": [ 0.0, 0.0, 9.5, 8.5 ], "autoUv": false },
						"south": { "texture": "#metal", "uv": [ 0.0, 0.0, 9.5, 8.0 ], "autoUv": false },
						"west": { "texture": "#metal", "uv": [ 0.0, 0.0, 10.5, 8.0 ], "autoUv": false },
						"up": { "texture": "#metal", "uv": [ 0.0, 0.0, 11.5, 8.5 ], "autoUv": false },
						"down": { "texture": "#metal", "uv": [ 0.0, 0.0, 10.0, 9.0 ], "autoUv": false }
					}
				},
				{
					"name": "Pick23",
					"from": [ 0.8, 0.8, 6.0 ], 
					"to": [ 2.2, 2.7, 7.0 ], 
					"rotationOrigin": [ 0.8, 0.8, 6.0 ],
					"faces": {
						"north": { "texture": "#metal", "uv": [ 0.0, 0.0, 12.0, 12.0 ], "autoUv": false },
						"east": { "texture": "#metal", "uv": [ 0.0, 0.0, 11.0, 9.0 ], "autoUv": false },
						"south": { "texture": "#metal", "uv": [ 0.0, 0.0, 12.5, 10.5 ], "autoUv": false },
						"west": { "texture": "#metal", "uv": [ 0.0, 0.0, 12.5, 10.0 ], "autoUv": false },
						"up": { "texture": "#metal", "uv": [ 0.0, 0.0, 11.5, 8.0 ], "autoUv": false },
						"down": { "texture": "#metal", "uv": [ 0.0, 0.0, 11.5, 9.5 ], "autoUv": false }
					}
				},
				{
					"name": "ring",
					"from": [ -0.2, 0.8, 1.8 ], 
					"to": [ 0.0, 2.7, 3.7 ], 
					"rotationOrigin": [ -0.2, 0.8, 1.8 ],
					"faces": {
						"north": { "texture": "#metal", "uv": [ 0.0, 0.0, 0.5, 1.5 ] },
						"east": { "texture": "#metal", "uv": [ 0.0, 0.0, 1.5, 1.5 ] },
						"south": { "texture": "#metal", "uv": [ 0.0, 0.0, 0.5, 1.5 ] },
						"west": { "texture": "#metal", "uv": [ 0.0, 0.0, 1.5, 1.5 ] },
						"up": { "texture": "#metal", "uv": [ 0.0, 0.0, 0.5, 1.5 ] },
						"down": { "texture": "#metal", "uv": [ 0.0, 0.0, 0.5, 1.5 ] }
					}
				},
				{
					"name": "ring30",
					"from": [ 3.0, 0.8, 1.8 ], 
					"to": [ 3.2, 2.7, 3.7 ], 
					"rotationOrigin": [ 3.0, 0.8, 1.8 ],
					"faces": {
						"north": { "texture": "#metal", "uv": [ 0.0, 0.0, 0.5, 1.5 ] },
						"east": { "texture": "#metal", "uv": [ 0.0, 0.0, 1.5, 1.5 ] },
						"south": { "texture": "#metal", "uv": [ 0.0, 0.0, 0.5, 1.5 ] },
						"west": { "texture": "#metal", "uv": [ 0.0, 0.0, 1.5, 1.5 ] },
						"up": { "texture": "#metal", "uv": [ 0.0, 0.0, 0.5, 1.5 ] },
						"down": { "texture": "#metal", "uv": [ 0.0, 0.0, 0.5, 1.5 ] }
					}
				}
			]
		}
	]}