{
  "ingredient": {
    "type": "item",
    "code": "game:ingot-*",
    "name": "metal",
    "allowedVariants": [ "copper", "tinbronze", "bismuthbronze", "blackbronze", "silver", "gold", "iron", "meteoriciron", "steel" ]
  },
  "pattern": [
    [
      "######",
      "_#####",
      "_#####",
      "######"
    ],
    [
      "######",
      "_#####",
      "_#####",
      "######"
    ]
  ],
  "name": "Rubble Hammer",
  "output": {
    "type": "item",
    "code": "rubblehammerhead-{metal}"
  }
}