{
  "ingredient": {
    "type": "item",
    "code": "game:ingot-*",
    "name": "metal",
    "allowedVariants": [ "copper", "tinbronze", "bismuthbronze", "blackbronze", "silver", "gold", "iron", "meteoriciron", "steel" ]
  },
  "pattern": [
    [
      "_##___",
      "_##___",
      "_##___"
    ],
    [
      "#_____",
      "######",
      "#_____"
    ],
    [
      "_##___",
      "_##___",
      "_##___"
    ]
  ],
  "name": "Finishing Chisle",
  "output": {
    "type": "item",
    "code": "wedgechisel-{metal}"
  }
}