{
  "code": "finishingchisel",
  "variantgroups": [
    {
      "code": "material",
      "states": [ "copper", "tinbronze", "bismuthbronze", "blackbronze", "gold", "silver", "iron", "meteoriciron", "steel" ]
    }
  ],
  "attributes": {
    "polishedrrate": 100,
    "rchances": 1,
    "rackable": true,
    "toolrackTransform": {
      "translation": {
        "x": 0.2,
        "y": 0.5,
        "z": 0.5
      },
      "origin": {
        "x": 0,
        "y": 0,
        "z": 0
      }
    }
  },

  "durabilitybytype": {
    "*-gold": 125,
    "*-silver": 125,
    "*-copper": 250,
    "*-blackbronze": 600,
    "*-bismuthbronze": 500,
    "*-tinbronze": 400,
    "*-iron": 900,
    "*-meteoriciron": 1200,
    "*-steel": 1600
  },

  "shape": { "base": "items/tools/FinishingChisel" },
  "textures": {
    "metal": { "base": "game:block/metal/plate/{material}" },
    "wood": { "base": "game:block/wood/debarked/birch" }
  },

  "creativeinventory": {
    "general": [ "*" ]
  },

  "heldTpUseAnimation": "knap",

  "fpHandTransform": {
    "translation": {
      "x": -0.4,
      "y": 0.6,
      "z": 1
    },
    "rotation": {
      "x": 40,
      "y": 37,
      "z": 80
    },
    "origin": {
      "x": 0,
      "y": 0,
      "z": 0
    },
    "scale": 2.14
  },
  "tpHandTransform": {
    "translation": {
      "x": 0.11,
      "y": 0,
      "z": 0.05
    },
    "rotation": {
      "x": 70,
      "y": -8,
      "z": -5
    },
    "origin": {
      "x": 0,
      "y": 0,
      "z": 0
    },
    "scale": 0.7
  },
  "guiTransform": {
    "translation": {
      "x": 0,
      "y": 0,
      "z": 0
    },
    "rotation": {
      "x": -10,
      "y": 45,
      "z": -33
    },
    "origin": {
      "x": 0,
      "y": 0,
      "z": 0
    },
    "scale": 2.35
  }
}
