{
  "code": "roughcutchisel",
  "variantgroups": [
    {
      "code": "material",
      "states": [ "copper", "tinbronze", "bismuthbronze", "blackbronze", "gold", "silver", "iron", "meteoriciron", "steel" ]
    }
  ],
  "attributes": {
    "rockrrate": 100,
    "rchances": 1,
    "rackable": true,
    "toolrackTransform": {
      "translation": {
        "x": 0.2,
        "y": 0.5,
        "z": 0.5
      },
      "rotation": {
        "x": 0,
        "y": 180,
        "z": 0
      },
      "origin": {
        "x": 0,
        "y": 0,
        "z": 0
      }
    }
  },

  "durabilitybytype": {
    "*-gold": 125,
    "*-silver": 125,
    "*-copper": 250,
    "*-blackbronze": 600,
    "*-bismuthbronze": 500,
    "*-tinbronze": 400,
    "*-iron": 900,
    "*-meteoriciron": 1200,
    "*-steel": 1600
  },

  "shape": { "base": "items/tools/RoughcutChisel" },
  "textures": {
    "metal": { "base": "game:block/metal/plate/{material}" },
    "wood": { "base": "game:block/wood/debarked/birch" }
  },

  "creativeinventory": {
    "general": [ "*" ]
  },

  "heldTpUseAnimation": "knap",

  "fpHandTransform": {
    "translation": {
      "x": -0.4,
      "y": 0.7,
      "z": 1.1
    },
    "rotation": {
      "x": 59,
      "y": -51,
      "z": -64
    },
    "origin": {
      "x": 0,
      "y": 0,
      "z": 0
    },
    "scale": 2.14
  },
  "tpHandTransform": {
    "translation": {
      "x": 0.06,
      "y": 0.01,
      "z": 0.03
    },
    "rotation": {
      "x": 0,
      "y": 180,
      "z": 0
    },
    "origin": {
      "x": 0,
      "y": 0,
      "z": 0
    },
    "scale": 0.7799
  },
  "guiTransform": {
    "translation": {
      "x": 0,
      "y": 0,
      "z": 0
    },
    "rotation": {
      "x": 41,
      "y": 180,
      "z": 56
    },
    "origin": {
      "x": 0,
      "y": 0,
      "z": 0
    },
    "scale": 3.51
  }
}
