{
  "code": "rubblehammer",
  "variantgroups": [
    {
      "code": "material",
      "states": [ "copper", "tinbronze", "bismuthbronze", "blackbronze", "gold", "silver", "iron", "meteoriciron", "steel" ]
    }
  ],
  "attributes": {
    "stonerrate": 100,
    "rchances": 4,
    "rackable": true,
    "toolrackTransform": {
      "translation": {
        "x": 0.4,
        "y": 0.7,
        "z": 0.65
      },
      "scale": 1.35
    }
  },
  "damagedby": [ "attacking" ],
  "attackRange": 2,
  "durabilitybytype": {
    "*-gold": 125,
    "*-silver": 125,
    "*-copper": 250,
    "*-blackbronze": 600,
    "*-bismuthbronze": 500,
    "*-tinbronze": 400,
    "*-iron": 900,
    "*-meteoriciron": 1200,
    "*-steel": 1600
  },
  "attackpowerbytype": {
    "*-copper": 2,
    "*-bismuthbronze": 2.5,
    "*-gold": 2.5,
    "*-silver": 2.5,
    "*-tinbronze": 2.75,
    "*-blackbronze": 3,
    "*-iron": 3,
    "*-meteoriciron": 3.5,
    "*-steel": 4
  },

  "shape": { "base": "items/tools/RubbleHammer" },
  "textures": {
    "metal": { "base": "game:block/metal/plate/{material}" },
    "wood": { "base": "game:block/wood/debarked/birch" }
  },

  "creativeinventory": {
    "general": [ "*" ]
  },

  "heldTpUseAnimation": "axechop",
  "heldTpHitAnimation": "axechop",

  "fpHandTransform": {
    "translation": {
      "x": 0,
      "y": 0.6,
      "z": 1.2
    },
    "rotation": {
      "x": 180,
      "y": 160,
      "z": -95
    },
    "origin": {
      "x": 0,
      "y": 0,
      "z": 0
    },
    "scale": 2.14
  },
  "tpHandTransform": {
    "translation": {
      "x": -0.167,
      "y": -0.09,
      "z": 0.037
    },
    "rotation": {
      "x": 90,
      "y": 25,
      "z": 9
    },
    "origin": {
      "x": 0,
      "y": 0,
      "z": 0
    },
    "scale": 0.85
  },
  "guiTransform": {
    "translation": {
      "x": 0,
      "y": 0,
      "z": 0
    },
    "rotation": {
      "x": 123,
      "y": -45,
      "z": 9
    },
    "origin": {
      "x": 0,
      "y": 0,
      "z": 0
    },
    "scale": 1.29
  }
}
