{
  "code": "wedgechisel",
  "variantgroups": [
    {
      "code": "material",
      "states": [ "copper", "tinbronze", "bismuthbronze", "blackbronze", "gold", "silver", "iron", "meteoriciron", "steel" ]
    }
  ],
  "attributes": {
    "brickrrate": 100,
    "rchances": 4,
    "rackable": true,
    "toolrackTransform": {
      "translation": {
        "x": 0.2,
        "y": 0.5,
        "z": 0.5
      },
      "origin": {
        "x": 0,
        "y": 0,
        "z": 0
      }
    }
  },

  "durabilitybytype": {
    "*-gold": 125,
    "*-silver": 125,
    "*-copper": 250,
    "*-blackbronze": 600,
    "*-bismuthbronze": 500,
    "*-tinbronze": 400,
    "*-iron": 900,
    "*-meteoriciron": 1200,
    "*-steel": 1600
  },

  "shape": { "base": "items/tools/WedgeChisel" },
  "textures": {
    "metal": { "base": "game:block/metal/plate/{material}" },
    "wood": { "base": "game:block/wood/debarked/birch" }
  },

  "creativeinventory": {
    "general": [ "*" ]
  },

  "heldTpUseAnimation": "knap",

  "fpHandTransform": {
    "translation": {
      "x": -0.3,
      "y": 0.6,
      "z": 0.9
    },
    "rotation": {
      "x": 160,
      "y": 83,
      "z": -28
    },
    "origin": {
      "x": 0,
      "y": 0,
      "z": 0
    },
    "scale": 2.14
  },
  "tpHandTransform": {
    "translation": {
      "x": 0.25,
      "y": 0.04,
      "z": 0.05
    },
    "rotation": {
      "x": 90,
      "y": 0,
      "z": 7
    },
    "origin": {
      "x": 0,
      "y": 0,
      "z": 0
    },
    "scale": 0.63
  },
  "guiTransform": {
    "translation": {
      "x": 0,
      "y": 0,
      "z": 0
    },
    "rotation": {
      "x": -12,
      "y": 47,
      "z": -39
    },
    "origin": {
      "x": 0,
      "y": 0,
      "z": 0
    },
    "scale": 2.35
  }
}
